Bs_Name ,I_Name ,I_x ,I_y ,J_Name,J_x,J_y
国调.南荆I线,国调.荆门站,4394,3300,国调.南阳站,4396,3014
国调.长南I线,国调.长治站,4398,2570,国调.南阳站,4396,3014
华北.岳定I线,华北.保定,4639,2187,华北.北岳,4425,2068
华北.鄂岳II线,华北.北岳,4425,2068,华北.鄂尔多斯,4063,2072
华北.定河II线,华北.保定,4639,2187,华北.海河,4967,2328
华北.横洪Ⅰ线,华北.横山,4124.82,2271.24,华北.洪善,4592,2273
华北.廊河II线,华北.海河,4967,2328,华北.廊坊,4746,2099
华北.锡廊I线_4,华北.廊坊,4746,2099,华北.隆化串补,4854,1833
华北.泉乐Ⅱ线,华北.昌乐,5017,2477,华北.泉城,4585,2390
华北.河泉Ⅰ线,华北.海河,4967,2328,华北.泉城,4585,2390
华北.锡廊I线,华北.隆化串补,4854,1833,华北.锡盟,4691,1953
华北.胜锡Ⅰ线,华北.胜利,4679,2059,华北.锡盟,4691,1953
华北.台泉I线,华北.泉城,4585,2390,华北.邢台,4521,2444
华北.洪台Ⅰ线,华北.洪善,4592,2273,华北.邢台,4521,2444
华东.泰吴II线,国调.泰州换流站,5179,2994,华东.东吴,5167,3093
华东.安兰II线,华东.安吉,5181,3277,华东.兰江,5276,3447
华东.江莲I线,华东.兰江,5276,3447,华东.莲都,5216,3603
华东.平淮5345线,华东.淮南,4878,3144,华东.平圩厂,5075,3125
华东.淮芜I线,华东.淮南,4878,3144,华东.芜湖,4927,3339
华东.湖安II线,华东.安吉,5181,3277,华东.芜湖,4927,3339
华东.淮盱II线,华东.淮南,4878,3144,华东.盱眙,5030,2991
华东.盱泰I线,国调.泰州换流站,5179,2994,华东.盱眙,5030,2991
华东.安塘II线,华东.安吉,5181,3277,华东.练塘,5249.41,3183.4
华东.吴塘I线,华东.东吴,5167,3093,华东.练塘,5249.41,3183.4
国调.东州线,国调.灵州换流站,3697,2237,国调.宁东二期电厂,3609,2240
国调.祁韶直流极1线路,国调.祁连换流站,3002,2177,国调.韶山换流站,4361,3751
国调.锦苏直流极1线路,国调.锦屏换流站,3135,3742,国调.苏州换流站,5267,3223
华北.胜林二线,华北.胜利,4679,2059,国调.锡盟换流站,4767,1957
国调.雁淮直流极1线路,国调.淮安换流站,5079,2902,国调.雁门关换流站,4347,2130
国调.宾金直流极1线路,国调.金华换流站,5153,3507,国调.宜宾换流站,3446.87,3598
西北.7162州川Ⅱ线,国调.灵州换流站,3697,2237,国调.银川东换流站,3700,2160
国调.银东直流极1线路,国调.胶东换流站,5116,2503,国调.银川东换流站,3700,2160
国调.星州II线,国调.灵州换流站,3697,2237,国调.银星电厂,3731,2199
国调.天中直流极1线路,国调.天山换流站,4947,1728,国调.中州换流站,4465,2774
西北.7158阿楚Ⅰ线,西北.阿克苏变,1115,1431,西北.巴楚变,862,1546
西北.71023宝新Ⅱ线,国调.宝鸡换流站,3755,2829,西北.宝二二期电厂,3777,2875
西北.71310哈天Ⅱ线,国调.天山换流站,4947,1728,西北.哈密变,2435,1490
西北.7105敦哈Ⅱ线,西北.敦煌变,2423,1843,西北.哈密变,2435,1490
西北.7116海柴Ⅱ线,西北.柴达木换流站,2138,2171,西北.海西变,2753,2317
西北.70811大贺Ⅰ线,西北.大坝三期电厂,4187,3298,西北.贺兰山变,3636,2358
西北.70810黄州Ⅰ线,国调.灵州换流站,3697,2237,西北.黄河变,3529,2501
西北.7097白黄Ⅱ线,西北.白银变,3431,2505,西北.黄河变,3529,2501
西北.7155黄贺Ⅱ线,西北.贺兰山变,3636,2358,西北.黄河变,3529,2501
西北.71016京川Ⅰ线,国调.银川东换流站,3700,2160,西北.京能宁东电厂,3555,2154
西北.7098景白Ⅰ线,西北.白银变,3431,2505,西北.景泰电厂,3428,2407
西北.7108河泉Ⅰ线,西北.河西变,4284,3020,西北.酒泉变,2882,2017
西北.7159楚喀Ⅰ线,西北.巴楚变,862,1546,西北.喀什变,613,1532
西北.7157库阿Ⅰ线,西北.阿克苏变,1115,1431,西北.库车变,1539,1292
西北.7084官拉Ⅰ线,西北.官亭变,3185,2531,西北.拉西瓦电厂,3093,2594
西北.7051东官Ⅰ线,西北.官亭变,3185,2531,西北.兰州东变,3509,2611
西北.7081白东Ⅰ线,西北.白银变,3431,2505,西北.兰州东变,3509,2611
西北.71021川灵Ⅰ线,国调.银川东换流站,3700,2160,西北.灵武二期电厂,3772,2309
西北.71611州盘Ⅰ线,国调.灵州换流站,3697,2237,西北.六盘山变,3673,2611
西北.71411山宝Ⅰ线,国调.宝鸡换流站,3755,2829,西北.南山变,3375,2572
西北.71617高祁Ⅲ线,国调.祁连换流站,3002,2177,西北.莫高变,3564,2732
西北.71012高敦Ⅰ线,西北.敦煌变,2423,1843,西北.莫高变,3564,2732
西北.7169高泉Ⅰ线,西北.酒泉变,2882,2017,西北.莫高变,3564,2732
西北.71614盘凉Ⅱ线,西北.六盘山变,3673,2611,西北.平凉变,3712.47,2669
西北.7103凉崇Ⅰ线,西北.崇信电厂,3791,2718,西北.平凉变,3712.47,2669
西北.7086东凉Ⅰ线,西北.兰州东变,3509,2611,西北.平凉变,3712.47,2669
西北.70915平凉线,西北.平凉变,3712.47,2669,西北.平凉二期电厂,3794,2646
西北.7099宝乾Ⅰ线,国调.宝鸡换流站,3755,2829,西北.乾县变,3898,2778
西北.7092彬乾Ⅱ线,西北.彬长电厂,3955,2841,西北.乾县变,3898,2778
西北.7088乾凉Ⅰ线,西北.平凉变,3712.47,2669,西北.乾县变,3898,2778
西北.7114海月Ⅱ线,西北.海西变,2753,2317,西北.日月山变,3052,2534
西北.71515哈塘Ⅱ线,西北.哈密变,2435,1490,西北.三塘湖变,2430,1277
西北.7154湖川Ⅱ线,国调.银川东换流站,3700,2160,西北.沙湖变,3655,2192
西北.7151贺湖Ⅰ线,西北.贺兰山变,3636,2358,西北.沙湖变,3655,2192
西北.71301沙敦Ⅰ线,西北.敦煌变,2423,1843,西北.沙州变,2505,1974
西北.月塔Ⅱ线,西北.日月山变,3052,2534,西北.塔拉变,4047,1968
西北.70911吐达Ⅰ线,西北.达坂城变,1798,1325,西北.吐鲁番变,1976,1422
西北.70914吐哈Ⅱ线,西北.哈密变,2435,1490,西北.吐鲁番变,1976,1422
西北.7096郭武Ⅱ线,西北.郭隆变,807,2828,西北.武胜变,3393,2459
西北.7093白武Ⅰ线,西北.白银变,3431,2505,西北.武胜变,3393,2459
西北.7107河武Ⅱ线,西北.河西变,4284,3020,西北.武胜变,3393,2459
西北.7083宁官线,西北.官亭变,3185,2531,西北.西宁变,3185,2443
西北.7173宁郭Ⅱ线,西北.郭隆变,807,2828,西北.西宁变,3185,2443
西北.7085宁拉线,西北.拉西瓦电厂,3093,2594,西北.西宁变,3185,2443
西北.71019宁月Ⅱ线,西北.日月山变,3052,2534,西北.西宁变,3185,2443
西北.7166宁塔Ⅰ线,西北.塔拉变,4047,1968,西北.西宁变,3185,2443
西北.7101乾信Ⅰ线,西北.乾县变,3898,2778,西北.信义变,3893,2571
西北.7112信洛Ⅱ线,西北.洛川变,4003,2665,西北.信义变,3893,2571
西北.7119秦信线,西北.秦岭电厂,3972,2767,西北.信义变,3893,2571
西北.71412山信Ⅰ线,西北.南山变,3375,2572,西北.信义变,3893,2571
西北.71312烟天Ⅱ线,国调.天山换流站,4947,1728,西北.烟墩变,2766,1851
西北.71305沙烟Ⅰ线,西北.沙州变,2505,1974,西北.烟墩变,2766,1851
西北.7165伊库I线,西北.库车变,1539,1292,西北.伊犁变,1350,1131
西北.7117洛横Ⅰ线,西北.洛川变,4003,2665,西北.榆横变,4058,2298
西北.7156横店线,西北.店塔电厂,4110,2131,西北.榆横变,4058,2298
西北.71313双横线,西北.双河榆横电厂,4059,2916,西北.榆横变,4058,2298
西北.71308柴鱼Ⅱ线,西北.柴达木换流站,2138,2171,西北.鱼卡变,2503,2165
西北.71303沙鱼Ⅰ线,西北.沙州变,2505,1974,西北.鱼卡变,2503,2165
西北.71513塘芨Ⅱ线,西北.三塘湖变,2430,1277,西北.芨芨湖变,2228,1281
西北.71510芨彩Ⅱ线,西北.五彩湾变,2042,1198,西北.芨芨湖变,2228,1281
西北.7163联彩Ⅰ线,西北.五彩湾变,2042,1198,新疆.恒联电厂,2038,1588
西北.7122苏凤线,西北.凤凰变,4038,3681,西北.乌苏变,1697,1033
西北.7121伊苏线,西北.伊犁变,1350,1131,西北.乌苏变,1697,1033
西北.7142达乌Ⅱ线,西北.达坂城变,1798,1325,西北.乌北变,1877,1122
西北.70810凤乌线,西北.凤凰变,4038,3681,西北.乌北变,1877,1122
西北.71414彩乌Ⅱ线,西北.五彩湾变,2042,1198,西北.乌北变,1877,1122
西北.7144达亚线,西北.达坂城变,1798,1325,西北.亚中变,1057,2103
西北.7143凤亚线,西北.凤凰变,4038,3681,西北.亚中变,1057,2103
西北.7149库巴线,西北.库车变,1539,1292,西北.巴州变,1644,1416
西北.71015巴吐Ⅱ线,西北.吐鲁番变,1976,1422,西北.巴州变,1644,1416
国调.黎州线,国调.灵州换流站,3697,2237,国调.黎阳电厂,4470,2679
国调.灵绍直流极1线路,国调.灵州换流站,3697,2237,国调.绍兴换流站,5154,3381
国调.荆斗III线,国调.荆门站,4394,3300,国调.斗笠站,4296,3209
国调.荆林III线,国调.荆门站,4394,3300,国调.团林换流站,4466,3255
国调.峡林III线,国调.团林换流站,4466,3255,国调.三峡右三电厂,4223,2850
国调.林江II线,国调.团林换流站,4466,3255,国调.江陵换流站,4329,3429
华东.枫练5107线,华东.练塘,5249.41,3183.4,国调.枫泾换流站,4427,3179
国调.林枫直流极1线路,国调.团林换流站,4466,3255,国调.枫泾换流站,4427,3179
国调.安江II线,国调.江陵换流站,4329,3429,国调.安福站,4242,3345
华中.江孱Ⅰ线,国调.江陵换流站,4329,3429,华中.孱陵站,4199,3473
华中.江兴Ⅰ回线,国调.江陵换流站,4329,3429,华中.兴隆站,4416,3357
国调.三江III线,国调.江陵换流站,4329,3429,国调.三峡左岸厂,4161,2851
国调.葛安II线,国调.安福站,4242,3345,国调.葛洲坝换流站,4095,3346
华中.葛岗线,国调.葛洲坝换流站,4095,3346,华中.岗市站,4491.28,3657.72
国调.右地线,国调.三峡右三电厂,4223,2850,国调.三峡右岸厂,4220,2914
国调.峡葛III线,国调.葛洲坝换流站,4095,3346,国调.三峡右岸厂,4220,2914
华中.南白Ⅱ回线,国调.南阳站,4396,3014,华中.白河站,4521,3012
华中.南玉Ⅰ线,国调.南阳站,4396,3014,华中.玉都站,4311,3154
华中.白玉Ⅰ线,华中.白河站,4521,3012,华中.玉都站,4311,3154
华中.南香Ⅱ回线,国调.南阳站,4396,3014,华中.香山站,4321,2743
华中.白香线,华中.白河站,4521,3012,华中.香山站,4321,2743
华中.中官Ⅱ回线,国调.中州换流站,4465,2774,华中.官渡站,4571,2775
华中.中惠Ⅱ线,国调.中州换流站,4465,2774,华中.惠济站,4464,2723
华中.惠获Ⅰ线,华中.惠济站,4464,2723,华中.获嘉站,4539,2654
华中.郑官Ⅰ回线,华中.官渡站,4571,2775,华中.郑州站,4483,2802
山东.东琅Ⅰ线,国调.胶东换流站,5116,2503,山东.琅琊站,5082,2580
山东.东崂Ⅰ线,国调.胶东换流站,5116,2503,山东.崂山站,5191,2504
山东.乐密Ⅰ线,华北.昌乐,5017,2477,山东.密州站,5016,2537
山东.密琅线,山东.琅琊站,5082,2580,山东.密州站,5016,2537
山东.光泽线,山东.大泽站,5157,2442,山东.光州站,5241,2365
山东.核泽Ⅱ线,山东.大泽站,5157,2442,山东.海阳核电,5212,2471
山东.核崂Ⅱ线,山东.崂山站,5191,2504,山东.海阳核电,5212,2471
山东.崂阳线,山东.崂山站,5191,2504,山东.莱阳站,5216,2408
山东.阳泽线,山东.大泽站,5157,2442,山东.莱阳站,5216,2408
山东.核阳Ⅰ线,山东.海阳核电,5212,2471,山东.莱阳站,5216,2408
山东.阳霞线,山东.莱阳站,5216,2408,山东.栖霞站,5215,2314
山东.霞光线,山东.光州站,5241,2365,山东.栖霞站,5215,2314
山东.霞昆Ⅱ线,山东.栖霞站,5215,2314,山东.昆嵛站,5357,2354
山东.昆牟线,山东.昆嵛站,5357,2354,山东.牟平站,5297,2378
山东.霞牟线,山东.栖霞站,5215,2314,山东.牟平站,5297,2378
山东.照琅Ⅱ线,山东.琅琊站,5082,2580,山东.日照站,5101,2631
山东.蒙照Ⅱ线,山东.沂蒙站,4936,2662,山东.日照站,5101,2631
山东.巨照Ⅰ线,山东.日照站,5101,2631,山东.巨峰站,5073,2667
山东.蒙兰Ⅰ线,山东.沂蒙站,4936,2662,山东.兰陵站,5096,2662
山东.枣蒙Ⅰ线,山东.沂蒙站,4936,2662,山东.枣庄站,4837,2736
山东.邹枣线,山东.枣庄站,4837,2736,山东.邹县电厂,4852,2696
山东.邹新线,山东.邹县电厂,4852,2696,山东.新泰站,4893,2632
山东.邹泰线,山东.邹县电厂,4852,2696,山东.泰山站,4853,2608
山东.川泰Ⅱ线,山东.泰山站,4853,2608,山东.淄川站,4910,2450
山东.邹川线,山东.邹县电厂,4852,2696,山东.淄川站,4910,2450
山东.川滨线,山东.淄川站,4910,2450,山东.滨州站,4910,2366
山东.乐益线,华北.昌乐,5017,2477,山东.益都站,4934,2491
山东.益川Ⅱ线,山东.淄川站,4910,2450,山东.益都站,4934,2491
山东.乐潍线,华北.昌乐,5017,2477,山东.潍坊站,5046,2459
山东.潍崂线,山东.崂山站,5191,2504,山东.潍坊站,5046,2459
山东.潍泽线,山东.大泽站,5157,2442,山东.潍坊站,5046,2459
山东.益潍Ⅰ线,山东.益都站,4934,2491,山东.潍坊站,5046,2459
山东.临潍线,山东.潍坊站,5046,2459,山东.临淄站,4968,2442
山东.淄临线,山东.临淄站,4968,2442,山东.淄博站,5003,2425
山东.济淄Ⅱ线,山东.淄博站,5003,2425,山东.济南站,4830,2489
山东.泰天线,山东.泰山站,4853,2608,山东.天衍站,4874,2522
山东.济天线,山东.济南站,4830,2489,山东.天衍站,4874,2522
山东.龙济Ⅰ线,山东.济南站,4830,2489,山东.蟠龙站,4785,2537
山东.长龙Ⅰ线,山东.蟠龙站,4785,2537,山东.长清站,4738,2564
山东.泉韶Ⅱ线,华北.泉城,4585,2390,山东.闻韶站,4827,2407
山东.龙韶线,山东.蟠龙站,4785,2537,山东.闻韶站,4827,2407
山东.聊韶Ⅱ线,山东.闻韶站,4827,2407,山东.聊城站,4691,2587
山东.聊长Ⅱ线,山东.长清站,4738,2564,山东.聊城站,4691,2587
华北.辛聊一线,山东.聊城站,4691,2587,国调.辛安站,4498,2462
山东.邑聊Ⅰ线,山东.聊城站,4691,2587,山东.聊城电厂,4690,2621
山东.柴韶线,山东.闻韶站,4827,2407,山东.柴府站,4659,2587
山东.柴聊线,山东.聊城站,4691,2587,山东.柴府站,4659,2587
山东.德韶线,山东.闻韶站,4827,2407,山东.德州站,4667,2407
华中.洹获Ⅱ回线,华中.获嘉站,4539,2654,华中.洹安站,4624,2714
国调.辛洹线,国调.辛安站,4498,2462,华中.洹安站,4624,2714
华北.辛蔺线,国调.辛安站,4498,2462,华北.蔺河,4514,2531
华北.台宗二线,华北.邢台,4521,2444,华北.宗州,4587,2496
华北.辛宗线,国调.辛安站,4498,2462,华北.宗州,4587,2496
华北.广蔺线,华北.蔺河,4514,2531,华北.广元,4557,2428
华北.广辛线,国调.辛安站,4498,2462,华北.广元,4557,2428
山东.岱泰线,山东.泰山站,4853,2608,山东.岱宗站,4812,2707
山东.郓泰Ⅱ线,山东.泰山站,4853,2608,山东.郓城站,4740,2658
山东.郓岱线,山东.岱宗站,4812,2707,山东.郓城站,4740,2658
山东.上泰Ⅱ线,山东.泰山站,4853,2608,山东.汶上站,4757,2698
山东.郓上线,山东.郓城站,4740,2658,山东.汶上站,4757,2698
山东.皇郓Ⅱ线,山东.郓城站,4740,2658,山东.润泽电厂,4669,2659
山东.皇文Ⅰ线,山东.润泽电厂,4669,2659,山东.文亭站,4638,2690
山东.上多线,山东.汶上站,4757,2698,山东.金多站,4688,2760
山东.文多线,山东.文亭站,4638,2690,山东.金多站,4688,2760
山东.上嘉Ⅰ线,山东.汶上站,4757,2698,山东.嘉祥电厂,4777,2722
山东.嘉多线,山东.金多站,4688,2760,山东.嘉祥电厂,4777,2722
华中.洹仓Ⅱ线,华中.洹安站,4624,2714,华中.仓颉站,4550,2746
华中.彰洹Ⅱ回线,华中.洹安站,4624,2714,华中.彰德站,4579,2601
华中.嘉郑线,华中.郑州站,4483,2802,华中.嘉和站,4483,2850
河南.郑嵩线,华中.郑州站,4483,2802,华中.嵩山站,4424,2728
华中.嵩惠Ⅱ线,华中.惠济站,4464,2723,华中.嵩山站,4424,2728
华中.香武线,华中.香山站,4321,2743,华中.武周站,4505,2818
华中.武郑Ⅱ回线,华中.郑州站,4483,2802,华中.武周站,4505,2818
华中.瀛嘉线,华中.嘉和站,4483,2850,华中.瀛州站,4420,2927
华中.陕嘉Ⅱ回线,华中.嘉和站,4483,2850,华中.陕州站,4238,2819
华中.陕瀛Ⅱ回线,华中.瀛州站,4420,2927,华中.陕州站,4238,2819
华中.牡嘉Ⅱ回线,华中.嘉和站,4483,2850,华中.牡丹站,4287,2792
华中.瀛牡线,华中.瀛州站,4420,2927,华中.牡丹站,4287,2792
华中.中菊Ⅲ线,国调.中州换流站,4465,2774,华中.菊城站,4496,2751
华中.官菊线,华中.官渡站,4571,2775,华中.菊城站,4496,2751
华中.密武Ⅰ回线,华中.武周站,4505,2818,华中.密东二期厂,4504,2839
华中.涂武线,华中.武周站,4505,2818,华中.涂会站,4576,2817
河南.岗涂Ⅰ线,华中.涂会站,4576,2817,河南.龙岗新厂,4545,2876
河南.香姚线,华中.香山站,4321,2743,华中.姚孟厂,4442,2887
华中.姚涂线,华中.涂会站,4576,2817,华中.姚孟厂,4442,2887
华中.涂花Ⅱ线,华中.涂会站,4576,2817,华中.花都站,4600,2836
华中.花祥Ⅱ回线,华中.花都站,4600,2836,华中.祥符站,4643,2793
华中.菊祥Ⅱ回线,华中.菊城站,4496,2751,华中.祥符站,4643,2793
华中.香邵线,华中.香山站,4321,2743,华中.邵陵站,4661,2817
华中.邵花Ⅱ回线,华中.花都站,4600,2836,华中.邵陵站,4661,2817
华中.邵迟Ⅱ线,华中.邵陵站,4661,2817,华中.迟营站,4725,2816
华中.嫘邵Ⅱ线,华中.邵陵站,4661,2817,华中.嫘祖站,4675,2878
华中.湛白线,华中.白河站,4521,3012,华中.湛河站,4558,2924
华中.姚湛Ⅰ回线,华中.姚孟厂,4442,2887,华中.湛河站,4558,2924
华中.湛邵线,华中.邵陵站,4661,2817,华中.湛河站,4558,2924
河南.鸭白Ⅱ回线,华中.白河站,4521,3012,河南.鸭河新厂,4557,3080
华中.奚白Ⅱ线,华中.白河站,4521,3012,华中.奚贤站,4581,2989
华中.卧贤Ⅱ线,华中.奚贤站,4581,2989,华中.卧龙站,4325,3049
华中.斗樊Ⅱ回线,国调.斗笠站,4296,3209,华中.樊城站,4214,3168
华中.樊卧Ⅱ线,华中.卧龙站,4325,3049,华中.樊城站,4214,3168
湖北.襄樊三回线,华中.樊城站,4214,3168,华中.襄阳厂,4285,3080
华中.十樊Ⅱ回线,华中.樊城站,4214,3168,华中.十堰站,4204,3078
华中.樊钟Ⅰ线,华中.樊城站,4214,3168,华中.编钟站,4247,3109
湖北.潘十线,华中.十堰站,4204,3078,湖北.潘口厂,4125,3078
华中.斗孝Ⅱ回线,国调.斗笠站,4296,3209,华中.孝感站,4469,3209
华中.斗山线,国调.斗笠站,4296,3209,华中.仙女山站,4509,3287
华中.山孝线,华中.孝感站,4469,3209,华中.仙女山站,4509,3287
国调.三龙I线,国调.三峡左岸厂,4161,2851,国调.龙泉换流站,4222,2953
国调.龙斗III线,国调.斗笠站,4296,3209,国调.龙泉换流站,4222,2953
华中.玉孝Ⅱ回线,华中.孝感站,4469,3209,华中.玉贤站,4491,3242
华中.孝浉Ⅱ回线,华中.孝感站,4469,3209,华中.浉河站,4541,3129
华中.山泉Ⅱ线,华中.仙女山站,4509,3287,华中.柏泉站,4563,3376
华中.泉孝线,华中.孝感站,4469,3209,华中.柏泉站,4563,3376
华中.木泉线,华中.柏泉站,4563,3376,华中.木兰站,4559,3247
华中.木孝Ⅱ回线,华中.孝感站,4469,3209,华中.木兰站,4559,3247
华中.浉春Ⅰ线,华中.浉河站,4541,3129,华中.春申站,4595,3127
华中.浉嵖Ⅱ回线,华中.浉河站,4541,3129,华中.嵖岈站,4606,3048
华中.嵖嫘Ⅱ线,华中.嫘祖站,4675,2878,华中.嵖岈站,4606,3048
华中.渔兴Ⅲ回线,华中.兴隆站,4416,3357,华中.渔峡站,4052,3389
华中.渔宜线,华中.渔峡站,4052,3389,国调.宜都换流站,4205,3326
国调.峡都III线,国调.三峡右岸厂,4220,2914,国调.宜都换流站,4205,3326
华中.宜兴Ⅱ回线,华中.兴隆站,4416,3357,国调.宜都换流站,4205,3326
华中.兴咸Ⅲ回线,华中.兴隆站,4416,3357,华中.咸宁站,4567,3452
华中.凤咸Ⅰ回线,华中.咸宁站,4567,3452,华中.凤凰山站,4607,3357
华中.咸梦Ⅱ回线,华中.咸宁站,4567,3452,华中.梦山站,4763,3609
华中.蒲咸Ⅰ回线,华中.咸宁站,4567,3452,华中.蒲圻二期厂,4337,3477
华中.光咸线,华中.咸宁站,4567,3452,华中.光谷站,4607,3424
湖北.光凤线,华中.凤凰山站,4607,3357,华中.光谷站,4607,3424
华中.梦锦线,华中.梦山站,4763,3609,华中.锦江站,4787,3656
华中.屏梦线,华中.梦山站,4763,3609,华中.洪屏厂,4576,3678
华中.梦永Ⅱ回线,华中.梦山站,4763,3609,华中.永修站,4817,3566
华中.梦罗Ⅱ回线,华中.梦山站,4763,3609,华中.罗坊站,4670,3713
华中.锦安Ⅰ线,华中.锦江站,4787,3656,华中.安源站,4548,3758
湖南.石岗线,华中.岗市站,4491.28,3657.72,湖南.华电石门B5厂,4516.6,3688.6
华中.五岗线,华中.岗市站,4491.28,3657.72,华中.五强溪厂,4062,3616
华中.岗艾线,华中.岗市站,4491.28,3657.72,华中.艾家冲站,4405,3712
华中.常岗线,华中.岗市站,4491.28,3657.72,华中.常德厂,4263.76,3559.63
华中.韶鹤Ⅱ线,国调.韶山换流站,4361,3751,华中.鹤岭站,4409,4032
华中.艾鹤Ⅰ回线,华中.艾家冲站,4405,3712,华中.鹤岭站,4409,4032
华中.复艾Ⅱ回线,华中.艾家冲站,4405,3712,华中.复兴站,4264,3636
华中.常复线,华中.常德厂,4263.76,3559.63,华中.复兴站,4264,3636
华中.韶船线,国调.韶山换流站,4361,3751,华中.船山站,4441,3890
华中.韶云Ⅱ线,国调.韶山换流站,4361,3751,华中.云田站,4472,3780
华中.韶古Ⅱ线,国调.韶山换流站,4361,3751,华中.古亭站,4441.1,3736.48
华中.船古Ⅰ回线,华中.船山站,4441,3890,华中.古亭站,4441.1,3736.48
华中.民鹤Ⅱ回线,华中.鹤岭站,4409,4032,华中.民丰站,4248,3826
华中.五民线,华中.五强溪厂,4062,3616,华中.民丰站,4248,3826
湖南.金民Ⅰ回线,华中.民丰站,4248,3826,湖南.金竹山B5厂,4210,3780
华中.长船Ⅰ回线,华中.船山站,4441,3890,华中.长阳铺站,4174,3860
华中.长民线,华中.民丰站,4248,3826,华中.长阳铺站,4174,3860
湖南.攸船线,华中.船山站,4441,3890,湖南.攸县A5厂,4497,3826
华中.船苏Ⅰ回线,华中.船山站,4441,3890,华中.苏耽站,4478,3982
华中.苏紫Ⅰ回线,华中.苏耽站,4478,3982,华中.紫霞站,4267,3934
华中.长宗线,华中.长阳铺站,4174,3860,华中.宗元站,4332,4054
华中.紫宗Ⅰ回线,华中.紫霞站,4267,3934,华中.宗元站,4332,4054
华中.艳宗Ⅱ回线,华中.宗元站,4332,4054,华中.艳山红站,4027,3818
湖南.国长Ⅱ回线,华中.长阳铺站,4174,3860,湖南.宝庆A5厂,4132,3860
华中.牌长Ⅰ回线,华中.长阳铺站,4174,3860,华中.牌楼站,4025,3770
华中.艳牌Ⅱ回线,华中.艳山红站,4027,3818,华中.牌楼站,4025,3770
湖南.黔艳Ⅰ回线,华中.艳山红站,4027,3818,湖南.黔东A5厂,4005,3846
华中.白艳线,华中.艳山红站,4027,3818,华中.白市厂,3773,3911
华中.三白线,华中.白市厂,3773,3911,华中.三板溪厂,3933,3911
华中.托牌线,华中.牌楼站,4025,3770,华中.托口厂,3917,3789
湖南.益复Ⅳ回线,华中.复兴站,4264,3636,湖南.益阳B5厂,4181,3731
华中.澧复Ⅰ线,华中.复兴站,4264,3636,华中.澧州站,4228,3524
华中.孱澧Ⅱ线,华中.孱陵站,4199,3473,华中.澧州站,4228,3524
华中.复沙Ⅱ回线,华中.复兴站,4264,3636,华中.沙坪站,4439,3637
湖南.华沙线,华中.沙坪站,4439,3637,湖南.华电长沙A5厂,4599,3637
华中.星云线,华中.云田站,4472,3780,华中.星城站,4439,3797
华中.古星Ⅰ回线,华中.古亭站,4441.1,3736.48,华中.星城站,4439,3797
华中.沙星Ⅰ回线,华中.沙坪站,4439,3637,华中.星城站,4439,3797
华中.磁永线,华中.永修站,4817,3566,华中.磁湖站,4936,3548
华中.光磁Ⅱ线,华中.光谷站,4607,3424,华中.磁湖站,4936,3548
华中.永南Ⅱ回线,华中.永修站,4817,3566,华中.南昌站,4840,3611
华中.永马Ⅱ回线,华中.永修站,4817,3566,华中.马回岭站,4778,3519
华中.南进Ⅰ回线,华中.南昌站,4840,3611,华中.进贤站,4873,3611
华中.南乐Ⅱ回线,华中.南昌站,4840,3611,华中.乐平站,4897,3528
华中.景乐线,华中.乐平站,4897,3528,华中.景德镇二期厂,4941,3479
华中.乐鹰Ⅰ回线,华中.乐平站,4897,3528,华中.鹰潭站,4897,3688
华中.乐洪线,华中.乐平站,4897,3528,华中.洪源站,4974,3527
华中.景洪线,华中.景德镇二期厂,4941,3479,华中.洪源站,4974,3527
华中.洪潭Ⅰ线,华中.洪源站,4974,3527,华中.潭埠站,4972,3575
华中.马石Ⅱ回线,华中.马回岭站,4778,3519,华中.石钟山站,4904,3445
华中.石洪线,华中.洪源站,4974,3527,华中.石钟山站,4904,3445
华中.潭广Ⅰ线,华中.潭埠站,4972,3575,华中.广丰站,5023,3576
华中.信广Ⅰ线,华中.广丰站,5023,3576,华中.信州站,5021,3615
华中.鹰信Ⅰ回线,华中.鹰潭站,4897,3688,华中.信州站,5021,3615
华中.贵信线,华中.信州站,5021,3615,华中.贵溪三期厂,4954,3681
华中.鹰贵线,华中.鹰潭站,4897,3688,华中.贵溪三期厂,4954,3681
江西.黄鹰Ⅰ回线,华中.鹰潭站,4897,3688,华中.黄金埠厂,4858,3722
华中.罗抚Ⅱ线,华中.罗坊站,4670,3713,华中.抚州站,4752,3791
华中.鹰抚Ⅱ线,华中.鹰潭站,4897,3688,华中.抚州站,4752,3791
华中.抚红线,华中.抚州站,4752,3791,华中.红都站,4675,3988
华中.唐抚Ⅰ线,华中.抚州站,4752,3791,华中.大唐抚州厂,4893.41,3791.83
华中.赣红Ⅰ线,华中.红都站,4675,3988,华中.赣州站,4631,3987
华中.罗文Ⅰ回线,华中.罗坊站,4670,3713,华中.文山站,4843,3843
华中.文赣Ⅱ回线,华中.赣州站,4631,3987,华中.文山站,4843,3843
华中.赣雷Ⅰ回线,华中.赣州站,4631,3987,华中.雷公山站,4582,4034
江西.井文Ⅰ回线,华中.文山站,4843,3843,华中.井冈山二期厂,4603,3816
华东.龙江5462线,华东.兰江,5276,3447,华东.双龙,5313,3507
华东.华龙5876线,国调.金华换流站,5153,3507,华东.双龙,5313,3507
华东.宁金5906线,国调.金华换流站,5153,3507,华东.宁德,5237,3780
华东.金康5878线,国调.金华换流站,5153,3507,华东.永康,5153,3347
华东.莲象5882线,华东.莲都,5216,3603,华东.万象,5274,3638
华东.华象5464线,国调.金华换流站,5153,3507,华东.万象,5274,3638
福建.崇宁Ⅰ路,华东.宁德,5237,3780,福建.崇儒变,5071,3701
福建.中宁Ⅱ路,华东.宁德,5237,3780,福建.洋中变,5020,3808
福建.田德Ⅰ路,华东.宁德,5237,3780,福建.陈田变,4930,3887
福建.唐宁Ⅰ路,华东.宁德,5237,3780,福建.宁德火电厂,5284,3779
福建.田三Ⅰ路,福建.陈田变,4930,3887,福建.三阳变,5132,4025
福建.水三线,福建.三阳变,5132,4025,福建.水口变,5132,3850
福建.卓三Ⅰ路,福建.三阳变,5132,4025,福建.卓然变,4958,4057
福建.水莆线,福建.水口变,5132,3850,福建.莆田变,5212,3964
福建.水笠线,福建.水口变,5132,3850,福建.笠里变,5190,3807
福建.洋笠Ⅱ路,福建.洋中变,5020,3808,福建.笠里变,5190,3807
福建.笠东Ⅱ路,福建.笠里变,5190,3807,福建.东台变,5163,3913
福建.榕笠Ⅱ路,福建.笠里变,5190,3807,华东.榕城,5215,3913
华东.都榕II线,华东.莲都,5216,3603,华东.榕城,5215,3913
福建.五卓Ⅰ路,福建.卓然变,4958,4057,福建.五峰变,4992,4116
福建.漳五Ⅱ路,福建.五峰变,4992,4116,福建.漳州变,5022,4157
福建.后漳Ⅱ路,福建.漳州变,5022,4157,福建.后石火电厂,5049,4182
福建.漳泉Ⅱ路,福建.漳州变,5022,4157,福建.泉州变,5134,4100
福建.漳林Ⅰ路,福建.漳州变,5022,4157,福建.东林变,5011,4214
福建.东大Ⅱ路,福建.东台变,5163,3913,福建.大园变,4877,4075
福建.大泉Ⅰ路,福建.泉州变,5134,4100,福建.大园变,4877,4075
福建.泉岗Ⅱ路,福建.泉州变,5134,4100,福建.东岗变,4946,4190
福建.岭大Ⅰ路,福建.大园变,4877,4075,福建.半岭抽蓄电厂,5037,4075
福建.莆顶Ⅱ路,福建.莆田变,5212,3964,福建.园顶变,5162,3940
福建.紫莆Ⅱ路,福建.莆田变,5212,3964,福建.紫岭变,5071,4008
福建.紫泉Ⅳ路,福建.泉州变,5134,4100,福建.紫岭变,5071,4008
福建.洲莆Ⅰ路,福建.莆田变,5212,3964,福建.湄洲湾火电厂,5178,4016
福建.晋紫Ⅱ路,福建.紫岭变,5071,4008,福建.晋江变,4924,4111
福建.晋岗Ⅱ路,福建.东岗变,4946,4190,福建.晋江变,4924,4111
福建.东燕Ⅱ路,福建.东台变,5163,3913,福建.燕墩变,5163,3925
福建.顶燕Ⅰ路,福建.园顶变,5162,3940,福建.燕墩变,5163,3925
福建.玉东Ⅱ路,福建.东台变,5163,3913,福建.玉融核电厂,5214,3938
福建.玉墩线,福建.燕墩变,5163,3925,福建.玉融核电厂,5214,3938
福建.玉顶Ⅰ路,福建.园顶变,5162,3940,福建.玉融核电厂,5214,3938
福建.福中Ⅱ路,福建.洋中变,5020,3808,福建.福州变,5205,3871
福建.福燕Ⅱ路,福建.燕墩变,5163,3925,福建.福州变,5205,3871
福建.川崇Ⅰ路,福建.崇儒变,5071,3701,福建.晴川核电厂,5244,3700
福建.川榕Ⅱ路,华东.榕城,5215,3913,福建.晴川核电厂,5244,3700
华东.盱澜5686线,华东.盱眙,5030,2991,华东.安澜,5006,2943
华东.安淮5K03线,国调.淮安换流站,5079,2902,华东.安澜,5006,2943
华东.安湾5K06线,国调.淮安换流站,5079,2902,华东.三汊湾,5079,3062
华东.泗澜5244线,华东.安澜,5006,2943,华东.双泗,4989,2866
华东.堡泗5234线,华东.双泗,4989,2866,华东.三堡变,4862,2792
华东.堡澜5254线,华东.安澜,5006,2943,华东.三堡变,4862,2792
华东.泗上5236线,华东.双泗,4989,2866,华东.上河,5042,2866
华东.钟双5K41线,华东.双泗,4989,2866,华东.钟吾,4953,2808
华东.山双5660线,华东.双泗,4989,2866,华东.岱山,5042,3130
华东.岱钟5661线,华东.钟吾,4953,2808,华东.岱山,5042,3130
华东.堡任5231线,华东.三堡变,4862,2792,华东.任庄,5202,2865
华东.任上5238线,华东.上河,5042,2866,华东.任庄,5202,2865
华东.东三III线,华东.三堡变,4862,2792,华东.东明站,4661,2715
华东.任彭5206线,华东.任庄,5202,2865,华东.彭城厂,5226,2897
华东.伊上5251线,华东.上河,5042,2866,华东.伊芦,5071,2754
华东.上邮5684线,华东.上河,5042,2866,华东.高邮,5119,2901
华东.上盐5239线,华东.上河,5042,2866,华东.盐都,5164,2971
华东.芦塘5615线,华东.伊芦,5071,2754,华东.艾塘,5052,2800
华东.新艾5613线,华东.艾塘,5052,2800,华东.新海厂,5052,2721
华东.新伊5614线,华东.伊芦,5071,2754,华东.新海厂,5052,2721
华东.田都5216线,华东.盐都,5164,2971,华东.田湾核厂,5103,2773
华东.田伊5217线,华东.伊芦,5071,2754,华东.田湾核厂,5103,2773
华东.盐泰5255线,华东.盐都,5164,2971,华东.泰兴,5221,3120
华东.州凤5K22线,国调.泰州换流站,5179,2994,华东.凤城,5152,3033
华东.盐凤5256线,华东.盐都,5164,2971,华东.凤城,5152,3033
华东.凤泰5647线,华东.泰兴,5221,3120,华东.凤城,5152,3033
华东.田徐5215线,华东.田湾核厂,5103,2773,华东.徐圩,5137,2795
华东.徐盐5290线,华东.盐都,5164,2971,华东.徐圩,5137,2795
华东.兴斗5294线,华东.泰兴,5221,3120,华东.斗山,5180,3134
华东.通泰5257线,华东.泰兴,5221,3120,华东.苏通厂,5272,3120
华东.泰胜5258线,华东.泰兴,5221,3120,华东.胜利,5338,3045
华东.港兴5260线,华东.泰兴,5221,3120,华东.高港厂,5253,3046
华东.都港5246线,华东.高港厂,5253,3046,华东.江都,5115,3045
华东.邮江5242线,华东.高邮,5119,2901,华东.江都,5115,3045
华东.高仪5240线,华东.高邮,5119,2901,华东.仪征,5096,3061
华东.仪江5241线,华东.江都,5115,3045,华东.仪征,5096,3061
华东.扬征5610线,华东.仪征,5096,3061,华东.扬州第二厂,5106,3082
华东.扬江5203线,华东.江都,5115,3045,华东.扬州第二厂,5106,3082
华东.江陵5292线,华东.江都,5115,3045,华东.晋陵,5129,3077
华东.伊潘5641线,华东.伊芦,5071,2754,华东.潘荡,5191,2909
华东.滨潘5K13线,华东.潘荡,5191,2909,华东.滨响,5146,2936
华东.潘汇5636线,华东.潘荡,5191,2909,华东.丰汇,5217,2942
华东.陈荡5608线,华东.潘荡,5191,2909,华东.陈家港厂,5191,2749
华东.泰双5K25线,国调.泰州换流站,5179,2994,华东.双草,5195,2957
江苏.双汇2E30线,华东.丰汇,5217,2942,华东.双草,5195,2957
华东.苏殿5252线,华东.苏通厂,5272,3120,华东.三官殿,5338,3096
华东.三胜5633线,华东.胜利,5338,3045,华东.三官殿,5338,3096
华东.东殿5646线,华东.三官殿,5338,3096,华东.东洲,5291.01,3044.1
华东.芜楚5381线,华东.芜湖,4927,3339,华东.楚城,4957,3277
华东.城涂5334线,华东.楚城,4957,3277,华东.当涂,5020,3200
华东.团城5328线,华东.楚城,4957,3277,华东.团洲厂,4930,3251
华东.新当5313线,华东.当涂,5020,3200,华东.新桥厂,5230,3236
华东.涂天5907线,华东.当涂,5020,3200,华东.天目湖,5038,3299
华东.当关5324线,华东.当涂,5020,3200,华东.昭关,5048.8,3231.2
华东.天泉5622线,华东.天目湖,5038,3299,华东.惠泉,4912,3115
华东.袁淮5329线,华东.淮南,4878,3144,华东.袁庄厂,4820.58,3094.74
华东.斗南5266线,华东.斗山,5180,3134,华东.武南,5145,3086
华东.陵武5288线,华东.晋陵,5129,3077,华东.武南,5145,3086
华东.武泉5280线,华东.惠泉,4912,3115,华东.武南,5145,3086
华东.苏渎5230线,国调.苏州换流站,5267,3223,华东.木渎,5217,3279
华东.梅木5275线,华东.木渎,5217,3279,华东.梅里,5149,3244
华东.惠梅5227线,华东.惠泉,4912,3115,华东.梅里,5149,3244
华东.清昭5311线,华东.昭关,5048.8,3231.2,华东.清流,5047,3390
华东.临关5374线,华东.昭关,5048.8,3231.2,华东.长临河,5047,3070
华东.居关5317线,华东.昭关,5048.8,3231.2,华东.居巢厂,5096.59,3329.2
华东.福昭5356线,华东.昭关,5048.8,3231.2,华东.福渡,5097,3231
华东.居福5322线,华东.居巢厂,5096.59,3329.2,华东.福渡,5097,3231
西南.宾叙一线,国调.宜宾换流站,3446.87,3598,西南.叙府,3395,3559
国调.溪宾III线,国调.宜宾换流站,3446.87,3598,国调.溪洛渡左岸电厂,3319,3598
四川.平叙一线,西南.叙府,3395,3559,四川.新平Ⅱ厂,3348,3548
四川.沐叙一线,西南.叙府,3395,3559,西南.沐溪,3357,3520
四川.戎叙二线,西南.叙府,3395,3559,四川.戎州厂,3434,3707
西南.叙泸一线,西南.叙府,3395,3559,西南.泸州,3522,3556
四川.洪泸一线,西南.泸州,3522,3556,西南.洪沟,3452,3483
四川.洪内二线,西南.洪沟,3452,3483,四川.内江,3407,3443
西南.洪板二线,西南.洪沟,3452,3483,重庆.板桥站,3650,3526
四川.普洪二线,西南.洪沟,3452,3483,西南.普提,3208,3714
四川.洪遂线,西南.洪沟,3452,3483,四川.遂宁,3535,3347
四川.南遂线,四川.遂宁,3535,3347,四川.南充,3617,3323
四川.南谭一线,四川.南充,3617,3323,西南.谭家湾,3386,3242
四川.南黄一线,四川.南充,3617,3323,西南.黄岩,3670,3378
四川.巴南线,四川.南充,3617,3323,四川.临巴厂,3722,3321
四川.茂谭一线,西南.谭家湾,3386,3242,四川.茂县,3422,3190
国调.德宝直流极1线路,国调.宝鸡换流站,3755,2829,国调.德阳换流站,3471,3241
西南.谭德二线,西南.谭家湾,3386,3242,国调.德阳换流站,3471,3241
四川.谭邡一线,西南.谭家湾,3386,3242,四川.什邡,3320,3199
四川.谭龙二线,西南.谭家湾,3386,3242,四川.龙王,3384,3169
四川.谭乐一线,西南.谭家湾,3386,3242,四川.富乐,3434,3215
四川.资内一线,四川.内江,3407,3443,西南.资阳,3437,3415
四川.云内线,四川.内江,3407,3443,四川.云潭二期,3380,3468
四川.坡资一线,西南.资阳,3437,3415,四川.东坡,3382,3380
西南.资思Ⅰ线,西南.资阳,3437,3415,重庆.思源站,3819,3350
四川.桃龙一线,四川.龙王,3384,3169,四川.桃乡,3435,3307
四川.桃资一线,西南.资阳,3437,3415,四川.桃乡,3435,3307
四川.山桃一线,四川.桃乡,3435,3307,四川.尖山,3358,3305
四川.广山二线,四川.尖山,3358,3305,四川.广都,3412,3348
四川.雅山一线,四川.尖山,3358,3305,四川.雅安,3255,3412
四川.山彭一线,四川.尖山,3358,3305,四川.彭祖,3374,3340
四川.坡彭二线,四川.东坡,3382,3380,四川.彭祖,3374,3340
四川.雅蜀一线,四川.雅安,3255,3412,四川.蜀州,3278,3350
四川.广蜀一线,四川.广都,3412,3348,四川.蜀州,3278,3350
四川.大雅二线,四川.雅安,3255,3412,四川.大岗山厂,3415,3412
四川.石雅一线,四川.雅安,3255,3412,四川.石棉,3161,3465
四川.九石二线,四川.石棉,3161,3465,四川.九龙,3274,3462
四川.龙石线,四川.石棉,3161,3465,四川.龙头石厂,3034.64,3457.44
四川.甘蜀一线,四川.蜀州,3278,3350,四川.甘谷地,3026.9,3311
四川.景邡二线,四川.什邡,3320,3199,四川.丹景,3335,3088
四川.蜀景一线,四川.蜀州,3278,3350,四川.丹景,3335,3088
四川.康蜀四线,四川.蜀州,3278,3350,四川.康定,3132,3396
四川.康甘一线,四川.甘谷地,3026.9,3311,四川.康定,3132,3396
西南.榄普一线,西南.普提,3208,3714,西南.橄榄,3154,3798
西南.二榄一线,西南.橄榄,3154,3798,西南.二滩厂,3188,3837
西南.二普一线,西南.普提,3208,3714,西南.二滩厂,3188,3837
国调.月锦I线,国调.锦屏换流站,3135,3742,国调.月城,3048,3714
西南.城沐一线,西南.沐溪,3357,3520,国调.月城,3048,3714
西南.月普一线,西南.普提,3208,3714,国调.月城,3048,3714
四川.普天线,西南.普提,3208,3714,国调.南天,3316,3503
四川.天坡一线,四川.东坡,3382,3380,国调.南天,3316,3503
国调.官月II线,国调.月城,3048,3714,国调.官地电厂,3021,3799
四川.里月一线,国调.月城,3048,3714,四川.木里,3096,3831
四川.卡里线,四川.木里,3096,3831,四川.卡基娃厂,3138,3878
四川.水里二线,四川.木里,3096,3831,四川.水洛,3095,3913
西南.泉榄二线,西南.橄榄,3154,3798,西南.甘泉,3127,3826
西南.二石二线,西南.二滩厂,3188,3837,西南.石板箐,3187,3891
西南.石泉一线,西南.甘泉,3127,3826,西南.石板箐,3187,3891
国调.东锦II线,国调.锦屏换流站,3135,3742,国调.锦东电厂,3175,3776
国调.东天I线,国调.南天,3316,3503,国调.锦东电厂,3175,3776
国调.西锦III线,国调.锦屏换流站,3135,3742,国调.锦西电厂,3078,3780
四川.乡水二线,四川.水洛,3095,3913,四川.乡城,2968,3626
国调.复奉直流极1线路,国调.奉贤换流站,5348,3223,国调.复龙换流站,3867.37,3603.44
国调.宾复II线,国调.宜宾换流站,3446.87,3598,国调.复龙换流站,3867.37,3603.44
西南.泸复一线,西南.泸州,3522,3556,国调.复龙换流站,3867.37,3603.44
西南.黄万二线,西南.黄岩,3670,3378,重庆.万县站,3713,3473
四川.黄达一线,西南.黄岩,3670,3378,四川.达州,3781,3256
四川.巴达线,四川.临巴厂,3722,3321,四川.达州,3781,3256
重庆.板泉二线,重庆.板桥站,3650,3526,重庆.圣泉站,3630,3436
重庆.圣陈线,重庆.圣泉站,3630,3436,重庆.陈家桥站,3666,3453
重庆.板陈二线,重庆.板桥站,3650,3526,重庆.陈家桥站,3666,3453
重庆.万盘一线,重庆.万县站,3713,3473,华中.九盘站,3946.64,3295.7
重庆.神万二线,重庆.万县站,3713,3473,重庆.神华万州电厂,3846,3335
重庆.长万一线,重庆.万县站,3713,3473,重庆.长寿站,3770,3392
重庆.思长一线,重庆.思源站,3819,3350,重庆.长寿站,3770,3392
华中.盘龙Ⅱ线A,华中.九盘站,3946.64,3295.7,华中.奉节串补站,4000.76,3294.61
华中.盘龙Ⅰ线B,国调.龙泉换流站,4222,2953,华中.奉节串补站,4000.76,3294.61
重庆.横盘二线,华中.九盘站,3946.64,3295.7,重庆.横路电厂,3948.81,3555.22
重庆.长石二线,重庆.长寿站,3770,3392,重庆.石坪站,3606,3548
重庆.马长二线,重庆.长寿站,3770,3392,重庆.五马站,3745,3538
重庆.张马一线,重庆.五马站,3745,3538,重庆.张家坝站,3787,3410
华中.恩渔Ⅰ回线,华中.渔峡站,4052,3389,华中.恩施站,4015,3408
华中.张恩Ⅱ回线,重庆.张家坝站,3787,3410,华中.恩施站,4015,3408
重庆.隆泉一线,重庆.圣泉站,3630,3436,重庆.隆盛站,3746,3433
重庆.张隆一线,重庆.张家坝站,3787,3410,重庆.隆盛站,3746,3433
重庆.水张二线,重庆.张家坝站,3787,3410,重庆.彭水电站,3786,3364
重庆.安隆二线,重庆.隆盛站,3746,3433,重庆.安稳二期电厂,3820,3423
重庆.南隆二线,重庆.隆盛站,3746,3433,重庆.巴南站,3678,3544
重庆.南石一线,重庆.石坪站,3606,3548,重庆.巴南站,3678,3544
重庆.郎隆二线,重庆.隆盛站,3746,3433,重庆.二郎电厂,3819,3440
重庆.珞南二线,重庆.巴南站,3678,3544,重庆.珞璜三期电厂,3743,3517
华东.吕东5601线,华东.东洲,5291.01,3044.1,华东.吕四港厂,5315.6,3030.93
华东.双仲5637线,华东.双草,5195,2957,华东.仲洋,5261.27,2956.58
华东.东洋5644线,华东.东洲,5291.01,3044.1,华东.仲洋,5261.27,2956.58
华东.斗常5267线,华东.斗山,5180,3134,华东.常熟,5193.29,3163.9
华东.陆常5620线,华东.常熟,5193.29,3163.9,华东.陆桥,5194.72,3147.39
华东.斗陆5663线,华东.斗山,5180,3134,华东.陆桥,5194.72,3147.39
华东.茅斗5265线,华东.斗山,5180,3134,华东.茅山,5203.2,3087.69
华东.茅武5648线,华东.武南,5145,3086,华东.茅山,5203.2,3087.69
华东.碧常5623线,华东.常熟,5193.29,3163.9,华东.碧溪厂,5234.5,3174.09
华东.张熟5248线,华东.常熟,5193.29,3163.9,华东.张家港,5133.19,3165.05
华东.晋港5270线,华东.晋陵,5129,3077,华东.张家港,5133.19,3165.05
华东.常仓5654线,华东.常熟,5193.29,3163.9,华东.太仓,5234.85,3139.18
华东.熟牌5656线,华东.常熟,5193.29,3163.9,华东.石牌,5238.41,3157.76
甘肃.3042东定Ⅱ线,西北.兰州东变,3509,2611,甘肃.定西变,3553.12,2630.54
甘肃.30522东和Ⅲ线,西北.兰州东变,3509,2611,甘肃.和平变,3460.7,2634.72
甘肃.3121卧和Ⅰ线,甘肃.和平变,3460.7,2634.72,甘肃.卧龙川变,3471.84,2585.02
甘肃.30520卧东Ⅰ线,西北.兰州东变,3509,2611,甘肃.卧龙川变,3471.84,2585.02
陕西.31499山城1线,西北.南山变,3375,2572,陕西.星城变,3329.99,2530.2
陕西.31525滈山2线,西北.南山变,3375,2572,陕西.滈河变,3299.8,2607.29
陕西.31498盛山2线,西北.南山变,3375,2572,陕西.新盛变,3374.57,2531.6
陕西.31117横龙2线,西北.榆横变,4058,2298,陕西.龙泉变,4019.91,2329.11
陕西.30945龙榆线,陕西.龙泉变,4019.91,2329.11,陕西.榆林变,4043.23,2335.55
陕西.3984横榆1线,西北.榆横变,4058,2298,陕西.榆林变,4043.23,2335.55
陕西.31322横绥2线,西北.榆横变,4058,2298,陕西.绥德变,4129.19,2321.8
陕西.31125横统1线,西北.榆横变,4058,2298,陕西.统万变,4089.12,2331.87
西北.7148麦宝Ⅱ线,国调.宝鸡换流站,3755,2829,西北.麦积山变,3611.29,2779.64
西北.7145麦东Ⅰ线,西北.兰州东变,3509,2611,西北.麦积山变,3611.29,2779.64
